{
  "trial_id": "trial_0008",
  "modes": {
    "strict": {
      "correct": true,
      "details": {
        "correct": true,
        "json_valid": false,
        "json_structure": false,
        "tool_correct": false,
        "args_present": false,
        "actual_tool": null,
        "actual_args": null,
        "notes": "Control task - no tool expected"
      },
      "format_friction": false
    },
    "intent": {
      "correct": false,
      "details": {
        "correct": true,
        "json_valid": false,
        "json_structure": false,
        "tool_correct": false,
        "args_present": false,
        "actual_tool": null,
        "actual_args": null,
        "notes": "Control task - no tool expected"
      },
      "format_friction": false
    },
    "functional": {
      "correct": false,
      "details": {
        "correct": true,
        "json_valid": false,
        "json_structure": false,
        "tool_correct": false,
        "args_present": false,
        "actual_tool": null,
        "actual_args": null,
        "notes": "Control task - no tool expected"
      },
      "format_friction": false
    }
  },
  "timestamp": "2026-02-05T04:01:34.066494+00:00"
}