{
  "trial_id": "trial_0066",
  "modes": {
    "strict": {
      "correct": true,
      "details": {
        "correct": true,
        "json_valid": true,
        "json_structure": true,
        "tool_correct": true,
        "args_present": true,
        "actual_tool": "edit_file",
        "actual_args": {
          "path": "package.json",
          "old_text": "\"version\": \"1.0.0\"",
          "new_text": "\"version\": \"1.1.0\""
        }
      },
      "format_friction": false
    },
    "intent": {
      "correct": true,
      "details": {
        "correct": true,
        "json_valid": true,
        "json_structure": true,
        "tool_correct": true,
        "args_present": true,
        "actual_tool": "edit_file",
        "actual_args": {
          "path": "package.json",
          "old_text": "\"version\": \"1.0.0\"",
          "new_text": "\"version\": \"1.1.0\""
        }
      },
      "format_friction": false
    },
    "functional": {
      "correct": true,
      "details": {
        "correct": true,
        "json_valid": true,
        "json_structure": true,
        "tool_correct": true,
        "args_present": true,
        "actual_tool": "edit_file",
        "actual_args": {
          "path": "package.json",
          "old_text": "\"version\": \"1.0.0\"",
          "new_text": "\"version\": \"1.1.0\""
        }
      },
      "format_friction": false
    }
  },
  "timestamp": "2026-02-05T04:01:34.070136+00:00"
}