{
  "trial_id": "trial_0062",
  "modes": {
    "strict": {
      "correct": false,
      "details": {
        "correct": false,
        "tool_mentioned": true,
        "args_mentioned": false,
        "args_found": 1,
        "args_expected": 3
      }
    },
    "intent": {
      "correct": false,
      "details": {
        "correct": false,
        "tool_mentioned": true,
        "args_mentioned": false,
        "args_found": 1,
        "args_expected": 3
      }
    },
    "functional": {
      "correct": true,
      "details": {
        "correct": false,
        "tool_mentioned": true,
        "args_mentioned": false,
        "args_found": 1,
        "args_expected": 3
      }
    }
  },
  "timestamp": "2026-02-05T04:01:34.055140+00:00"
}