{
  "trial_id": "trial_0029",
  "modes": {
    "strict": {
      "correct": true,
      "details": {
        "correct": true,
        "json_valid": true,
        "json_structure": true,
        "tool_correct": true,
        "args_present": true,
        "actual_tool": "read_file",
        "actual_args": {
          "path": "README.md"
        }
      },
      "format_friction": false
    },
    "intent": {
      "correct": true,
      "details": {
        "correct": true,
        "json_valid": true,
        "json_structure": true,
        "tool_correct": true,
        "args_present": true,
        "actual_tool": "read_file",
        "actual_args": {
          "path": "README.md"
        }
      },
      "format_friction": false
    },
    "functional": {
      "correct": true,
      "details": {
        "correct": true,
        "json_valid": true,
        "json_structure": true,
        "tool_correct": true,
        "args_present": true,
        "actual_tool": "read_file",
        "actual_args": {
          "path": "README.md"
        }
      },
      "format_friction": false
    }
  },
  "timestamp": "2026-02-05T04:01:34.062890+00:00"
}