{
  "trial_id": "trial_0045",
  "modes": {
    "strict": {
      "correct": true,
      "details": {
        "correct": true,
        "json_valid": true,
        "json_structure": true,
        "tool_correct": true,
        "args_present": true,
        "actual_tool": "write_file",
        "actual_args": {
          "path": "/tmp/test.py",
          "content": "print('test')"
        }
      },
      "format_friction": false
    },
    "intent": {
      "correct": true,
      "details": {
        "correct": true,
        "json_valid": true,
        "json_structure": true,
        "tool_correct": true,
        "args_present": true,
        "actual_tool": "write_file",
        "actual_args": {
          "path": "/tmp/test.py",
          "content": "print('test')"
        }
      },
      "format_friction": false
    },
    "functional": {
      "correct": true,
      "details": {
        "correct": true,
        "json_valid": true,
        "json_structure": true,
        "tool_correct": true,
        "args_present": true,
        "actual_tool": "write_file",
        "actual_args": {
          "path": "/tmp/test.py",
          "content": "print('test')"
        }
      },
      "format_friction": false
    }
  },
  "timestamp": "2026-02-05T04:01:34.067362+00:00"
}