{
  "trial_id": "trial_0032",
  "modes": {
    "strict": {
      "correct": true,
      "details": {
        "correct": true,
        "tool_mentioned": true,
        "args_mentioned": true,
        "args_found": 2,
        "args_expected": 2
      }
    },
    "intent": {
      "correct": true,
      "details": {
        "correct": true,
        "tool_mentioned": true,
        "args_mentioned": true,
        "args_found": 2,
        "args_expected": 2
      }
    },
    "functional": {
      "correct": true,
      "details": {
        "correct": true,
        "tool_mentioned": true,
        "args_mentioned": true,
        "args_found": 2,
        "args_expected": 2
      }
    }
  },
  "timestamp": "2026-02-05T04:01:34.066099+00:00"
}